{"mean":{"confidence_interval":{"confidence_level":0.95,"lower_bound":0.12356659589293778,"upper_bound":0.2949009438178669},"point_estimate":0.2078235676735718,"standard_error":0.045131359991560475},"median":{"confidence_interval":{"confidence_level":0.95,"lower_bound":0.09671433909345706,"upper_bound":0.27046582579135325},"point_estimate":0.12118572609828493,"standard_error":0.04169709402759126}}