{"mean":{"confidence_interval":{"confidence_level":0.95,"lower_bound":-0.03983122448677269,"upper_bound":0.18218252453643274},"point_estimate":0.068786041837126,"standard_error":0.05633416498300779},"median":{"confidence_interval":{"confidence_level":0.95,"lower_bound":0.05519780371595728,"upper_bound":0.281502740968117},"point_estimate":0.20963643533540655,"standard_error":0.06084491297703122}}