{"mean":{"confidence_interval":{"confidence_level":0.95,"lower_bound":158429671.95374998,"upper_bound":174990456.79125},"point_estimate":166474536.025,"standard_error":4221110.205840086},"median":{"confidence_interval":{"confidence_level":0.95,"lower_bound":151969728.5,"upper_bound":174653132.5},"point_estimate":167299964.5,"standard_error":6330161.265375856},"median_abs_dev":{"confidence_interval":{"confidence_level":0.95,"lower_bound":9198409.767195582,"upper_bound":29559849.21350777},"point_estimate":20638529.597742856,"standard_error":5253568.034595114},"slope":null,"std_dev":{"confidence_interval":{"confidence_level":0.95,"lower_bound":13138822.541253215,"upper_bound":24735642.66636855},"point_estimate":19333225.921997253,"standard_error":3083023.366947329}}