{"mean":{"confidence_interval":{"confidence_level":0.95,"lower_bound":-0.08806965104026701,"upper_bound":0.5007130033885204},"point_estimate":0.13341312048016007,"standard_error":0.15519792719351222},"median":{"confidence_interval":{"confidence_level":0.95,"lower_bound":-0.108651737062465,"upper_bound":0.14116083186781325},"point_estimate":-0.023973077304405344,"standard_error":0.066457049916885}}