{"mean":{"confidence_interval":{"confidence_level":0.95,"lower_bound":0.15301710580170325,"upper_bound":1.5656707648995871},"point_estimate":0.8300303650945091,"standard_error":0.3662608855826059},"median":{"confidence_interval":{"confidence_level":0.95,"lower_bound":-0.2931481780861712,"upper_bound":1.9423403331776838},"point_estimate":0.6157944210112745,"standard_error":0.5713097453117859}}