{"mean":{"confidence_interval":{"confidence_level":0.95,"lower_bound":1323825958.4,"upper_bound":1467550880.6825},"point_estimate":1387813017.9,"standard_error":37298920.05843456},"median":{"confidence_interval":{"confidence_level":0.95,"lower_bound":1290054626.0,"upper_bound":1443540776.0},"point_estimate":1354096365.5,"standard_error":45173124.5493604},"median_abs_dev":{"confidence_interval":{"confidence_level":0.95,"lower_bound":11510038.874655962,"upper_bound":185037782.99512267},"point_estimate":97420690.21733701,"standard_error":43191018.52508915},"slope":null,"std_dev":{"confidence_interval":{"confidence_level":0.95,"lower_bound":50810772.27062246,"upper_bound":175508633.08376834},"point_estimate":124837665.74075583,"standard_error":36915007.68171542}}