{"mean":{"confidence_interval":{"confidence_level":0.95,"lower_bound":0.2634210824494617,"upper_bound":0.8137570887699005},"point_estimate":0.521683223661489,"standard_error":0.1414587390600605},"median":{"confidence_interval":{"confidence_level":0.95,"lower_bound":0.18150231825092697,"upper_bound":0.7660168797467481},"point_estimate":0.413879202748354,"standard_error":0.12780301384313533}}