{"mean":{"confidence_interval":{"confidence_level":0.95,"lower_bound":6934234.154904151,"upper_bound":7978978.283073872},"point_estimate":7437509.012448107,"standard_error":268555.7545868962},"median":{"confidence_interval":{"confidence_level":0.95,"lower_bound":6663194.519230769,"upper_bound":8148539.846153846},"point_estimate":7264003.25,"standard_error":372120.0325430119},"median_abs_dev":{"confidence_interval":{"confidence_level":0.95,"lower_bound":234356.63067010717,"upper_bound":1485718.5086770705},"point_estimate":981595.3936866601,"standard_error":328259.8761510246},"slope":{"confidence_interval":{"confidence_level":0.95,"lower_bound":6605319.06338589,"upper_bound":7584578.591246684},"point_estimate":7037325.115084915,"standard_error":255048.38302359637},"std_dev":{"confidence_interval":{"confidence_level":0.95,"lower_bound":475069.41931058886,"upper_bound":1099133.3765128027},"point_estimate":891147.5688992704,"standard_error":156799.5443293208}}