{"mean":{"confidence_interval":{"confidence_level":0.95,"lower_bound":14.956432793104687,"upper_bound":24.177877910758433},"point_estimate":18.833413729103974,"standard_error":2.3698860254911738},"median":{"confidence_interval":{"confidence_level":0.95,"lower_bound":19.595092608247295,"upper_bound":29.272986944414104},"point_estimate":26.69598321142063,"standard_error":2.430158864109539}}