{"mean":{"confidence_interval":{"confidence_level":0.95,"lower_bound":0.27374502837514464,"upper_bound":1.0781133984627167},"point_estimate":0.6231626815426958,"standard_error":0.1990904388856515},"median":{"confidence_interval":{"confidence_level":0.95,"lower_bound":0.20929209240062963,"upper_bound":1.0300346564196978},"point_estimate":0.31625948669962023,"standard_error":0.2096315364219167}}