{"mean":{"confidence_interval":{"confidence_level":0.95,"lower_bound":5111842100.68375,"upper_bound":5398995629.2625},"point_estimate":5238675593.15,"standard_error":74079663.16067113},"median":{"confidence_interval":{"confidence_level":0.95,"lower_bound":5082600875.5,"upper_bound":5188415718.0},"point_estimate":5166457646.0,"standard_error":23950452.012375165},"median_abs_dev":{"confidence_interval":{"confidence_level":0.95,"lower_bound":22496410.095208883,"upper_bound":249144430.30620217},"point_estimate":82901267.69220829,"standard_error":60326373.07691254},"slope":null,"std_dev":{"confidence_interval":{"confidence_level":0.95,"lower_bound":91297738.70503469,"upper_bound":470454936.39269143},"point_estimate":340218533.76821727,"standard_error":94896358.66869718}}