{"mean":{"confidence_interval":{"confidence_level":0.95,"lower_bound":189381149.62375,"upper_bound":279151746.76625},"point_estimate":228322061.075,"standard_error":23148856.29804813},"median":{"confidence_interval":{"confidence_level":0.95,"lower_bound":169621384.25,"upper_bound":257222683.0},"point_estimate":178014251.25,"standard_error":22333565.26053068},"median_abs_dev":{"confidence_interval":{"confidence_level":0.95,"lower_bound":8254384.990355372,"upper_bound":110759778.57972085},"point_estimate":27639255.84910512,"standard_error":26363535.926895782},"slope":null,"std_dev":{"confidence_interval":{"confidence_level":0.95,"lower_bound":41325389.41471554,"upper_bound":155914962.8916861},"point_estimate":105790967.67634693,"standard_error":33250341.60525973}}