{"mean":{"confidence_interval":{"confidence_level":0.95,"lower_bound":6990636980.30375,"upper_bound":7949989856.651249},"point_estimate":7439593529.1,"standard_error":245759238.82561427},"median":{"confidence_interval":{"confidence_level":0.95,"lower_bound":6689683629.0,"upper_bound":7562016596.0},"point_estimate":7036433146.5,"standard_error":198221062.38558367},"median_abs_dev":{"confidence_interval":{"confidence_level":0.95,"lower_bound":267402051.4942646,"upper_bound":1420763057.1997137},"point_estimate":738406841.250658,"standard_error":267638589.87742564},"slope":null,"std_dev":{"confidence_interval":{"confidence_level":0.95,"lower_bound":660075034.1016947,"upper_bound":1374958647.120197},"point_estimate":1128164000.9491632,"standard_error":185911077.68146086}}