{"mean":{"confidence_interval":{"confidence_level":0.95,"lower_bound":0.10430432588369408,"upper_bound":1.0823972336661987},"point_estimate":0.5488266565289475,"standard_error":0.25067216635767525},"median":{"confidence_interval":{"confidence_level":0.95,"lower_bound":-0.13887950197858634,"upper_bound":0.4104293186491441},"point_estimate":0.2083018063008908,"standard_error":0.14972679871877648}}