{"mean":{"confidence_interval":{"confidence_level":0.95,"lower_bound":0.12496799115486452,"upper_bound":0.46490360243443096},"point_estimate":0.27604835039696596,"standard_error":0.08573267166315236},"median":{"confidence_interval":{"confidence_level":0.95,"lower_bound":0.0225094881855199,"upper_bound":0.3330267215889884},"point_estimate":0.18662383184352582,"standard_error":0.08346292546485105}}