{"mean":{"confidence_interval":{"confidence_level":0.95,"lower_bound":1227924550.15,"upper_bound":1284088058.0},"point_estimate":1255068101.3,"standard_error":14374449.542705417},"median":{"confidence_interval":{"confidence_level":0.95,"lower_bound":1216871875.5,"upper_bound":1295600540.5},"point_estimate":1248877282.0,"standard_error":25969334.53774362},"median_abs_dev":{"confidence_interval":{"confidence_level":0.95,"lower_bound":3565527.6569992304,"upper_bound":84196130.47901988},"point_estimate":47003855.11841476,"standard_error":22994550.422596447},"slope":null,"std_dev":{"confidence_interval":{"confidence_level":0.95,"lower_bound":29497039.367105197,"upper_bound":58508156.856423266},"point_estimate":47882510.88752336,"standard_error":7557163.243532143}}