{"mean":{"confidence_interval":{"confidence_level":0.95,"lower_bound":0.3040075558737135,"upper_bound":0.7108636409797442},"point_estimate":0.48656644183010367,"standard_error":0.10540201969895835},"median":{"confidence_interval":{"confidence_level":0.95,"lower_bound":0.23928066780335255,"upper_bound":0.6834264820556317},"point_estimate":0.4524482334953601,"standard_error":0.1277783602508404}}