{"mean":{"confidence_interval":{"confidence_level":0.95,"lower_bound":0.14968439643110792,"upper_bound":0.606582507645926},"point_estimate":0.36105094639680835,"standard_error":0.12130547454049692},"median":{"confidence_interval":{"confidence_level":0.95,"lower_bound":0.13765793615771837,"upper_bound":0.5835421012992639},"point_estimate":0.22854699850038496,"standard_error":0.12017775384399111}}