{"mean":{"confidence_interval":{"confidence_level":0.95,"lower_bound":339393259.5675,"upper_bound":357337233.59749997},"point_estimate":348422180.65,"standard_error":4592594.0109091},"median":{"confidence_interval":{"confidence_level":0.95,"lower_bound":334225633.0,"upper_bound":358274945.0},"point_estimate":352964699.5,"standard_error":6975024.674950346},"median_abs_dev":{"confidence_interval":{"confidence_level":0.95,"lower_bound":7654568.036404252,"upper_bound":35861793.1094259},"point_estimate":22899250.29925704,"standard_error":7549397.751817537},"slope":null,"std_dev":{"confidence_interval":{"confidence_level":0.95,"lower_bound":15418158.102046937,"upper_bound":24966047.157021765},"point_estimate":21064842.129726186,"standard_error":2438197.739450206}}