{"mean":{"confidence_interval":{"confidence_level":0.95,"lower_bound":183797891.579375,"upper_bound":270882562.984375},"point_estimate":220750688.825,"standard_error":22610852.494084317},"median":{"confidence_interval":{"confidence_level":0.95,"lower_bound":161031737.5,"upper_bound":235292584.5},"point_estimate":195925569.75,"standard_error":21904607.74249877},"median_abs_dev":{"confidence_interval":{"confidence_level":0.95,"lower_bound":19727616.83806479,"upper_bound":92482924.77121477},"point_estimate":62290012.74488121,"standard_error":20226353.401173282},"slope":null,"std_dev":{"confidence_interval":{"confidence_level":0.95,"lower_bound":39344749.20579763,"upper_bound":157927596.14691675},"point_estimate":103843293.17205492,"standard_error":35981246.636300534}}