{"mean":{"confidence_interval":{"confidence_level":0.95,"lower_bound":5003744079.24,"upper_bound":5046449522.045},"point_estimate":5024865735.35,"standard_error":10949505.408758223},"median":{"confidence_interval":{"confidence_level":0.95,"lower_bound":4985868971.0,"upper_bound":5056733647.5},"point_estimate":5031494409.0,"standard_error":21021536.001302075},"median_abs_dev":{"confidence_interval":{"confidence_level":0.95,"lower_bound":27563335.610952973,"upper_bound":78480184.22269821},"point_estimate":66451904.75114286,"standard_error":14034642.351603583},"slope":null,"std_dev":{"confidence_interval":{"confidence_level":0.95,"lower_bound":37609028.95297577,"upper_bound":59652273.1484089},"point_estimate":50300796.078851245,"standard_error":5657355.940634062}}