{"mean":{"confidence_interval":{"confidence_level":0.95,"lower_bound":-0.5603525189472878,"upper_bound":-0.07994210531451634},"point_estimate":-0.3770794982308787,"standard_error":0.12290550785050978},"median":{"confidence_interval":{"confidence_level":0.95,"lower_bound":0.12434707371870735,"upper_bound":0.20685665880673287},"point_estimate":0.17156262243030707,"standard_error":0.019276969571798742}}