{"mean":{"confidence_interval":{"confidence_level":0.95,"lower_bound":0.14640362201182716,"upper_bound":0.43012319922978454},"point_estimate":0.2711305113557243,"standard_error":0.07420914597401641},"median":{"confidence_interval":{"confidence_level":0.95,"lower_bound":0.16538308375234667,"upper_bound":0.32529354233788044},"point_estimate":0.2410613027851367,"standard_error":0.04232161299351295}}