{"mean":{"confidence_interval":{"confidence_level":0.95,"lower_bound":-0.041602175978244525,"upper_bound":0.014722730698467783},"point_estimate":-0.012859749815063881,"standard_error":0.014436382845918756},"median":{"confidence_interval":{"confidence_level":0.95,"lower_bound":-0.05670335621727096,"upper_bound":0.02638222917594013},"point_estimate":-0.019543052873122413,"standard_error":0.020402400533159427}}