{"mean":{"confidence_interval":{"confidence_level":0.95,"lower_bound":-0.1643886162631499,"upper_bound":0.00573835831777964},"point_estimate":-0.09345691190280647,"standard_error":0.043110279383170906},"median":{"confidence_interval":{"confidence_level":0.95,"lower_bound":-0.1369339671938451,"upper_bound":-0.014660215236391716},"point_estimate":-0.07843854670030481,"standard_error":0.03157479901058502}}