{"mean":{"confidence_interval":{"confidence_level":0.95,"lower_bound":33.65705755006666,"upper_bound":44.27820082443439},"point_estimate":38.83006977455584,"standard_error":2.7358886276594476},"median":{"confidence_interval":{"confidence_level":0.95,"lower_bound":35.38234044355665,"upper_bound":42.86154790216973},"point_estimate":37.48183237420827,"standard_error":1.859037331127092}}