{"mean":{"confidence_interval":{"confidence_level":0.95,"lower_bound":0.052439514005671164,"upper_bound":0.12221162222806324},"point_estimate":0.0863497858168516,"standard_error":0.01823367586651204},"median":{"confidence_interval":{"confidence_level":0.95,"lower_bound":0.03384848012467012,"upper_bound":0.10936754341197319},"point_estimate":0.06639543829032801,"standard_error":0.018522836772903086}}