{"mean":{"confidence_interval":{"confidence_level":0.95,"lower_bound":6694990504.911251,"upper_bound":7620391561.725},"point_estimate":7148234262.5,"standard_error":236426173.08955672},"median":{"confidence_interval":{"confidence_level":0.95,"lower_bound":6198935748.5,"upper_bound":8130298976.0},"point_estimate":6849187208.0,"standard_error":505360729.5004555},"median_abs_dev":{"confidence_interval":{"confidence_level":0.95,"lower_bound":343714726.4464438,"upper_bound":1735712141.7408495},"point_estimate":1244587843.9431489,"standard_error":384035944.6432785},"slope":null,"std_dev":{"confidence_interval":{"confidence_level":0.95,"lower_bound":839665807.5111171,"upper_bound":1231265377.256881},"point_estimate":1085439359.0100212,"standard_error":99903062.56790568}}