{"mean":{"confidence_interval":{"confidence_level":0.95,"lower_bound":0.008160178247294677,"upper_bound":0.1556189777558839},"point_estimate":0.0806955382988297,"standard_error":0.037843302884868604},"median":{"confidence_interval":{"confidence_level":0.95,"lower_bound":0.0009912560409007561,"upper_bound":0.1819443648680048},"point_estimate":0.07684782645391075,"standard_error":0.04622822911143767}}