{"mean":{"confidence_interval":{"confidence_level":0.95,"lower_bound":0.13679616187462104,"upper_bound":0.6914254684185649},"point_estimate":0.3750870491971101,"standard_error":0.14542533700721436},"median":{"confidence_interval":{"confidence_level":0.95,"lower_bound":0.17369697690345953,"upper_bound":0.7897246897495},"point_estimate":0.2467312605484806,"standard_error":0.1565231896753716}}