{"mean":{"confidence_interval":{"confidence_level":0.95,"lower_bound":17.743844126218075,"upper_bound":26.655546963874936},"point_estimate":21.94423748841853,"standard_error":2.3052563972113873},"median":{"confidence_interval":{"confidence_level":0.95,"lower_bound":19.077521326142143,"upper_bound":29.48004900950453},"point_estimate":28.02271930321084,"standard_error":2.7351257336040646}}