{"mean":{"confidence_interval":{"confidence_level":0.95,"lower_bound":32856258400.325,"upper_bound":41434437078.2},"point_estimate":35889377963.2,"standard_error":2569711859.1651917},"median":{"confidence_interval":{"confidence_level":0.95,"lower_bound":32653471271.0,"upper_bound":33938947246.0},"point_estimate":33340465858.0,"standard_error":659530578.3540993},"median_abs_dev":{"confidence_interval":{"confidence_level":0.95,"lower_bound":86853084.54844952,"upper_bound":1754095305.7881832},"point_estimate":952923323.3497292,"standard_error":814152053.6536969},"slope":null,"std_dev":{"confidence_interval":{"confidence_level":0.95,"lower_bound":472833499.3796306,"upper_bound":13150019365.703836},"point_estimate":8560263088.514053,"standard_error":4604515028.521463}}