{"mean":{"confidence_interval":{"confidence_level":0.95,"lower_bound":0.03387499877313129,"upper_bound":0.44421235550274174},"point_estimate":0.21778789645380847,"standard_error":0.10895093061507873},"median":{"confidence_interval":{"confidence_level":0.95,"lower_bound":-0.03286452222575453,"upper_bound":0.5666288531642796},"point_estimate":0.08185172887553738,"standard_error":0.15010629150396584}}