{"mean":{"confidence_interval":{"confidence_level":0.95,"lower_bound":190050987.8425,"upper_bound":234985900.58875},"point_estimate":209297007.95,"standard_error":11640676.317037225},"median":{"confidence_interval":{"confidence_level":0.95,"lower_bound":184379504.5,"upper_bound":207841469.5},"point_estimate":194383368.0,"standard_error":6545914.485884877},"median_abs_dev":{"confidence_interval":{"confidence_level":0.95,"lower_bound":10101744.587758183,"upper_bound":32475909.867337346},"point_estimate":23514766.504329443,"standard_error":6089812.459129347},"slope":null,"std_dev":{"confidence_interval":{"confidence_level":0.95,"lower_bound":14422885.107292917,"upper_bound":78524178.54456668},"point_estimate":53497066.25569573,"standard_error":17641539.637309976}}