{"mean":{"confidence_interval":{"confidence_level":0.95,"lower_bound":-0.27571462866244767,"upper_bound":0.010126839102286617},"point_estimate":-0.15749263004755087,"standard_error":0.07398798782756211},"median":{"confidence_interval":{"confidence_level":0.95,"lower_bound":-0.3080670910493405,"upper_bound":-0.10838409864509324},"point_estimate":-0.19154556323931438,"standard_error":0.0429696775488082}}