{"mean":{"confidence_interval":{"confidence_level":0.95,"lower_bound":-0.10103393920431007,"upper_bound":0.12271483596491624},"point_estimate":0.002607321689564346,"standard_error":0.057024928787282825},"median":{"confidence_interval":{"confidence_level":0.95,"lower_bound":-0.1730520706661659,"upper_bound":0.1437042658069665},"point_estimate":-0.06739138797255662,"standard_error":0.0742132925897799}}