{"mean":{"confidence_interval":{"confidence_level":0.95,"lower_bound":0.14974701524484693,"upper_bound":0.44450967767557925},"point_estimate":0.27911408235264457,"standard_error":0.07744846096960835},"median":{"confidence_interval":{"confidence_level":0.95,"lower_bound":0.10030339598601756,"upper_bound":0.4547833581333911},"point_estimate":0.2416209205679798,"standard_error":0.0927063095366827}}