{"mean":{"confidence_interval":{"confidence_level":0.95,"lower_bound":0.10493006478602138,"upper_bound":0.3580267933575787},"point_estimate":0.22930350490670826,"standard_error":0.06536927337178809},"median":{"confidence_interval":{"confidence_level":0.95,"lower_bound":0.03618047143858183,"upper_bound":0.44012177287319076},"point_estimate":0.21605184093165408,"standard_error":0.10431618659606089}}