{"mean":{"confidence_interval":{"confidence_level":0.95,"lower_bound":1090084878.8275,"upper_bound":1152717893.375},"point_estimate":1116226963.8,"standard_error":16499510.328404887},"median":{"confidence_interval":{"confidence_level":0.95,"lower_bound":1084042584.5,"upper_bound":1137452946.0},"point_estimate":1094427892.0,"standard_error":14074551.111780737},"median_abs_dev":{"confidence_interval":{"confidence_level":0.95,"lower_bound":2811077.008393407,"upper_bound":62276955.11626303},"point_estimate":16675795.98724544,"standard_error":15212028.101753002},"slope":null,"std_dev":{"confidence_interval":{"confidence_level":0.95,"lower_bound":10418430.926053172,"upper_bound":80450823.93707316},"point_estimate":54856419.91348949,"standard_error":20127557.142463353}}