{"mean":{"confidence_interval":{"confidence_level":0.95,"lower_bound":0.37978025643063956,"upper_bound":1.0108872430722036},"point_estimate":0.6421721810399106,"standard_error":0.17030353068431753},"median":{"confidence_interval":{"confidence_level":0.95,"lower_bound":0.37689707114458626,"upper_bound":0.7621561968295745},"point_estimate":0.48274373707992657,"standard_error":0.10611988198019967}}