{"mean":{"confidence_interval":{"confidence_level":0.95,"lower_bound":7450423395.04625,"upper_bound":10490758047.46875},"point_estimate":8838497102.65,"standard_error":782866472.1560736},"median":{"confidence_interval":{"confidence_level":0.95,"lower_bound":6841969560.5,"upper_bound":8032117690.0},"point_estimate":7229463778.5,"standard_error":377151768.88198125},"median_abs_dev":{"confidence_interval":{"confidence_level":0.95,"lower_bound":436812135.1254344,"upper_bound":2181724149.959654},"point_estimate":901876234.2606962,"standard_error":526445374.1253492},"slope":null,"std_dev":{"confidence_interval":{"confidence_level":0.95,"lower_bound":1552179957.9239094,"upper_bound":4633316763.1545105},"point_estimate":3587406902.2790413,"standard_error":761341044.9667019}}