{"mean":{"confidence_interval":{"confidence_level":0.95,"lower_bound":152123655.23875,"upper_bound":167122438.003125},"point_estimate":159207252.55,"standard_error":3837073.4179744106},"median":{"confidence_interval":{"confidence_level":0.95,"lower_bound":146504054.25,"upper_bound":164504226.5},"point_estimate":153036666.25,"standard_error":4908793.296179634},"median_abs_dev":{"confidence_interval":{"confidence_level":0.95,"lower_bound":4168083.714401722,"upper_bound":24574338.822068274},"point_estimate":12089845.91806233,"standard_error":5373046.0028349925},"slope":null,"std_dev":{"confidence_interval":{"confidence_level":0.95,"lower_bound":11236120.538487641,"upper_bound":21821942.785821},"point_estimate":17652594.932176113,"standard_error":2706218.909300944}}