{"mean":{"confidence_interval":{"confidence_level":0.95,"lower_bound":1106438239.7,"upper_bound":1248265239.3974998},"point_estimate":1179277554.2,"standard_error":36363122.85568011},"median":{"confidence_interval":{"confidence_level":0.95,"lower_bound":1074287903.0,"upper_bound":1304763739.0},"point_estimate":1156628436.5,"standard_error":62628437.67128042},"median_abs_dev":{"confidence_interval":{"confidence_level":0.95,"lower_bound":12689465.68621695,"upper_bound":218417321.2378174},"point_estimate":204772327.28156447,"standard_error":66289786.045160376},"slope":null,"std_dev":{"confidence_interval":{"confidence_level":0.95,"lower_bound":75948322.05096142,"upper_bound":145296272.53257242},"point_estimate":121524715.30155464,"standard_error":18074780.050866295}}