{"mean":{"confidence_interval":{"confidence_level":0.95,"lower_bound":63427413.2996875,"upper_bound":66544514.701874994},"point_estimate":64680630.7875,"standard_error":831532.9812884525},"median":{"confidence_interval":{"confidence_level":0.95,"lower_bound":62740475.625,"upper_bound":65298761.375},"point_estimate":64036124.0,"standard_error":738851.650518582},"median_abs_dev":{"confidence_interval":{"confidence_level":0.95,"lower_bound":565357.9947128892,"upper_bound":2531470.143507421},"point_estimate":2113955.535569787,"standard_error":512613.93422035855},"slope":null,"std_dev":{"confidence_interval":{"confidence_level":0.95,"lower_bound":1197281.3179014055,"upper_bound":6095544.129245669},"point_estimate":3819443.412565744,"standard_error":1626180.897356032}}