{"mean":{"confidence_interval":{"confidence_level":0.95,"lower_bound":17.578802566479073,"upper_bound":26.341893577475396},"point_estimate":21.762627659719154,"standard_error":2.2792219837343466},"median":{"confidence_interval":{"confidence_level":0.95,"lower_bound":20.333299783614727,"upper_bound":30.254262377936524},"point_estimate":24.680641967356074,"standard_error":2.9755281954418935}}