{"mean":{"confidence_interval":{"confidence_level":0.95,"lower_bound":-0.2512496157026352,"upper_bound":0.16947349729333058},"point_estimate":-0.06248066383020212,"standard_error":0.10794811429589683},"median":{"confidence_interval":{"confidence_level":0.95,"lower_bound":-0.1827327918755005,"upper_bound":0.47534486398681985},"point_estimate":0.1848392883643406,"standard_error":0.17786166638181075}}