{"mean":{"confidence_interval":{"confidence_level":0.95,"lower_bound":5082849738.96125,"upper_bound":5169620217.605},"point_estimate":5126339608.4,"standard_error":22210926.010723997},"median":{"confidence_interval":{"confidence_level":0.95,"lower_bound":5037421064.5,"upper_bound":5208841354.0},"point_estimate":5135556837.0,"standard_error":63944888.32488872},"median_abs_dev":{"confidence_interval":{"confidence_level":0.95,"lower_bound":22856601.087114215,"upper_bound":155880487.10256815},"point_estimate":126162070.8566755,"standard_error":33366124.77210011},"slope":null,"std_dev":{"confidence_interval":{"confidence_level":0.95,"lower_bound":84338342.95759569,"upper_bound":112268249.5384267},"point_estimate":101910621.67571865,"standard_error":7109307.804634143}}