{"mean":{"confidence_interval":{"confidence_level":0.95,"lower_bound":2655469426.5,"upper_bound":3276714622.5},"point_estimate":2947719681.4,"standard_error":159584179.12076858},"median":{"confidence_interval":{"confidence_level":0.95,"lower_bound":2555322511.0,"upper_bound":3377058342.0},"point_estimate":2739061050.5,"standard_error":218522631.48428202},"median_abs_dev":{"confidence_interval":{"confidence_level":0.95,"lower_bound":87778227.67332494,"upper_bound":853130977.2584975},"point_estimate":372297975.1964897,"standard_error":203512091.75078043},"slope":null,"std_dev":{"confidence_interval":{"confidence_level":0.95,"lower_bound":220517485.8934691,"upper_bound":651229235.4264554},"point_estimate":533021177.86400855,"standard_error":103021093.03015383}}