{"mean":{"confidence_interval":{"confidence_level":0.95,"lower_bound":6974393602.34875,"upper_bound":9561546748.52},"point_estimate":8159230151.05,"standard_error":663808906.0867678},"median":{"confidence_interval":{"confidence_level":0.95,"lower_bound":6179981439.5,"upper_bound":8277247455.0},"point_estimate":7159172245.5,"standard_error":589163753.4686271},"median_abs_dev":{"confidence_interval":{"confidence_level":0.95,"lower_bound":882541054.9639642,"upper_bound":3508888933.2138686},"point_estimate":1707035939.1615539,"standard_error":713607949.2287416},"slope":null,"std_dev":{"confidence_interval":{"confidence_level":0.95,"lower_bound":1500144773.2429082,"upper_bound":3978425733.338529},"point_estimate":3033433304.0197525,"standard_error":642682110.6205133}}