{"mean":{"confidence_interval":{"confidence_level":0.95,"lower_bound":0.04353588650093968,"upper_bound":0.32764187387439575},"point_estimate":0.18656023112655284,"standard_error":0.07264152905046183},"median":{"confidence_interval":{"confidence_level":0.95,"lower_bound":0.09474210360038016,"upper_bound":0.45294033404439804},"point_estimate":0.1655088622237455,"standard_error":0.10175074265724275}}