{"mean":{"confidence_interval":{"confidence_level":0.95,"lower_bound":219115393.94,"upper_bound":406503286.15625},"point_estimate":302140884.3,"standard_error":48213456.879426755},"median":{"confidence_interval":{"confidence_level":0.95,"lower_bound":172187589.25,"upper_bound":260392979.5},"point_estimate":230653633.5,"standard_error":25967045.447653953},"median_abs_dev":{"confidence_interval":{"confidence_level":0.95,"lower_bound":20263927.734093368,"upper_bound":142320837.24394515},"point_estimate":86681755.66614121,"standard_error":33560049.28387187},"slope":null,"std_dev":{"confidence_interval":{"confidence_level":0.95,"lower_bound":68748191.44297993,"upper_bound":306196042.3904932},"point_estimate":220730399.4668722,"standard_error":58779934.18849168}}