{"mean":{"confidence_interval":{"confidence_level":0.95,"lower_bound":203959988.42187503,"upper_bound":321529074.8093749},"point_estimate":258469856.9,"standard_error":30196326.166123472},"median":{"confidence_interval":{"confidence_level":0.95,"lower_bound":170864119.25,"upper_bound":245642647.0},"point_estimate":185426052.5,"standard_error":25320062.29620189},"median_abs_dev":{"confidence_interval":{"confidence_level":0.95,"lower_bound":11704646.429800987,"upper_bound":124971709.12900865},"point_estimate":31062931.30582273,"standard_error":30680325.130979575},"slope":null,"std_dev":{"confidence_interval":{"confidence_level":0.95,"lower_bound":82759896.1326193,"upper_bound":165251722.6895227},"point_estimate":138581229.0134436,"standard_error":21493403.32682768}}