{"mean":{"confidence_interval":{"confidence_level":0.95,"lower_bound":-0.029568159075649376,"upper_bound":0.12775340742557614},"point_estimate":0.049170144459445675,"standard_error":0.0404052064831559},"median":{"confidence_interval":{"confidence_level":0.95,"lower_bound":0.03518964803529778,"upper_bound":0.1710558976526073},"point_estimate":0.14129092182413294,"standard_error":0.03206888816026708}}