{"mean":{"confidence_interval":{"confidence_level":0.95,"lower_bound":-0.43857649276673877,"upper_bound":-0.12509088191150433},"point_estimate":-0.30316935506098996,"standard_error":0.0806172832680939},"median":{"confidence_interval":{"confidence_level":0.95,"lower_bound":-0.4145772117271572,"upper_bound":-0.13799495608370715},"point_estimate":-0.31426923272451324,"standard_error":0.06866219249895249}}