{"mean":{"confidence_interval":{"confidence_level":0.95,"lower_bound":0.010386671317989891,"upper_bound":0.06915152871383215},"point_estimate":0.039626762039612906,"standard_error":0.014956812826732205},"median":{"confidence_interval":{"confidence_level":0.95,"lower_bound":0.015826885493571696,"upper_bound":0.060393240716765995},"point_estimate":0.03519277954014144,"standard_error":0.012457981903152232}}