{"mean":{"confidence_interval":{"confidence_level":0.95,"lower_bound":0.08228153081451707,"upper_bound":0.5786888213608863},"point_estimate":0.2979617276827031,"standard_error":0.12736038016683474},"median":{"confidence_interval":{"confidence_level":0.95,"lower_bound":0.006770925325953803,"upper_bound":0.1782748207967655},"point_estimate":0.0727064942125002,"standard_error":0.05089529234850553}}