{"mean":{"confidence_interval":{"confidence_level":0.95,"lower_bound":5698692510.586249,"upper_bound":6531401682.4325},"point_estimate":6106338427.8,"standard_error":213201922.53063223},"median":{"confidence_interval":{"confidence_level":0.95,"lower_bound":5299029676.0,"upper_bound":6907785390.5},"point_estimate":5642403803.5,"standard_error":523688077.5640326},"median_abs_dev":{"confidence_interval":{"confidence_level":0.95,"lower_bound":133550677.50770152,"upper_bound":1636865486.8688285},"point_estimate":789900987.6053542,"standard_error":477086426.36354595},"slope":null,"std_dev":{"confidence_interval":{"confidence_level":0.95,"lower_bound":750616415.6397326,"upper_bound":1092177865.155739},"point_estimate":973417095.6725351,"standard_error":87035532.79388456}}