{"mean":{"confidence_interval":{"confidence_level":0.95,"lower_bound":66695658983.5,"upper_bound":77836230709.2},"point_estimate":72063445444.1,"standard_error":2852305597.622875},"median":{"confidence_interval":{"confidence_level":0.95,"lower_bound":64016809824.0,"upper_bound":79604570646.0},"point_estimate":70789115802.0,"standard_error":3863384878.3251567},"median_abs_dev":{"confidence_interval":{"confidence_level":0.95,"lower_bound":2465147362.0944858,"upper_bound":15904774128.961014},"point_estimate":11555206892.20267,"standard_error":3728203540.839963},"slope":null,"std_dev":{"confidence_interval":{"confidence_level":0.95,"lower_bound":4954688099.81699,"upper_bound":11638414718.85638},"point_estimate":9483740179.575653,"standard_error":1647125780.0811715}}