{"mean":{"confidence_interval":{"confidence_level":0.95,"lower_bound":-0.038088811588850725,"upper_bound":0.5482399787513872},"point_estimate":0.2151853506891046,"standard_error":0.14974371214649704},"median":{"confidence_interval":{"confidence_level":0.95,"lower_bound":-0.02625167868404521,"upper_bound":0.305771270564241},"point_estimate":0.12853836365082727,"standard_error":0.09785736656497822}}