{"mean":{"confidence_interval":{"confidence_level":0.95,"lower_bound":1242530894.4750001,"upper_bound":1288010278.9},"point_estimate":1263374914.6,"standard_error":11717972.008800125},"median":{"confidence_interval":{"confidence_level":0.95,"lower_bound":1234836476.0,"upper_bound":1290389432.5},"point_estimate":1250697584.5,"standard_error":15578546.832960906},"median_abs_dev":{"confidence_interval":{"confidence_level":0.95,"lower_bound":1762391.7929112911,"upper_bound":59549926.700377464},"point_estimate":31734810.0314945,"standard_error":16330317.679991348},"slope":null,"std_dev":{"confidence_interval":{"confidence_level":0.95,"lower_bound":16860922.91665858,"upper_bound":51703469.32064017},"point_estimate":38981222.8970549,"standard_error":9485604.241652919}}