{"mean":{"confidence_interval":{"confidence_level":0.95,"lower_bound":333487775.3,"upper_bound":745549180.9537497},"point_estimate":528059840.95,"standard_error":105871625.59174334},"median":{"confidence_interval":{"confidence_level":0.95,"lower_bound":214587421.0,"upper_bound":808104840.5},"point_estimate":455262192.0,"standard_error":162684001.8975858},"median_abs_dev":{"confidence_interval":{"confidence_level":0.95,"lower_bound":9105355.491797626,"upper_bound":584733439.9423063},"point_estimate":358592747.2804561,"standard_error":166360765.6852913},"slope":null,"std_dev":{"confidence_interval":{"confidence_level":0.95,"lower_bound":153881795.71662533,"upper_bound":433146767.38760287},"point_estimate":352802084.272296,"standard_error":65798659.17895389}}