{"mean":{"confidence_interval":{"confidence_level":0.95,"lower_bound":0.020593078642062324,"upper_bound":0.137915870382711},"point_estimate":0.07331085461303277,"standard_error":0.030755421113534936},"median":{"confidence_interval":{"confidence_level":0.95,"lower_bound":0.005260079882089255,"upper_bound":0.1195723549047869},"point_estimate":0.0691213187048807,"standard_error":0.023273644631303995}}