{"mean":{"confidence_interval":{"confidence_level":0.95,"lower_bound":0.005613725688523579,"upper_bound":0.18438095537250584},"point_estimate":0.08843363223451806,"standard_error":0.04626770763852714},"median":{"confidence_interval":{"confidence_level":0.95,"lower_bound":0.017439907883383343,"upper_bound":0.0727161970280048},"point_estimate":0.03640015417107856,"standard_error":0.029550444674595326}}