{"mean":{"confidence_interval":{"confidence_level":0.95,"lower_bound":31.24688721806754,"upper_bound":38.364891144473894},"point_estimate":34.788205929564256,"standard_error":1.8309851307217535},"median":{"confidence_interval":{"confidence_level":0.95,"lower_bound":32.09718090484862,"upper_bound":42.816149959279464},"point_estimate":35.041259008911396,"standard_error":3.356275475994252}}