{"mean":{"confidence_interval":{"confidence_level":0.95,"lower_bound":1169279043.9250002,"upper_bound":1216984721.8525},"point_estimate":1191103531.0,"standard_error":12292104.196983026},"median":{"confidence_interval":{"confidence_level":0.95,"lower_bound":1158473281.0,"upper_bound":1219172835.0},"point_estimate":1176211440.0,"standard_error":17484155.421962816},"median_abs_dev":{"confidence_interval":{"confidence_level":0.95,"lower_bound":798540.2066230774,"upper_bound":66639123.76931906},"point_estimate":28220063.64749372,"standard_error":18846015.114866707},"slope":null,"std_dev":{"confidence_interval":{"confidence_level":0.95,"lower_bound":17691015.64948039,"upper_bound":54105729.55510617},"point_estimate":41010161.25299547,"standard_error":9717432.791938413}}