{"mean":{"confidence_interval":{"confidence_level":0.95,"lower_bound":0.20286482220097127,"upper_bound":0.3934070314877351},"point_estimate":0.2946307841818714,"standard_error":0.047171388790472474},"median":{"confidence_interval":{"confidence_level":0.95,"lower_bound":0.11902585268906352,"upper_bound":0.44606871732825915},"point_estimate":0.2669242174498976,"standard_error":0.07984577339538167}}