{"mean":{"confidence_interval":{"confidence_level":0.95,"lower_bound":722276406.2,"upper_bound":897057386.6149995},"point_estimate":802100312.0,"standard_error":45017641.99651758},"median":{"confidence_interval":{"confidence_level":0.95,"lower_bound":679710675.5,"upper_bound":899338215.5},"point_estimate":767625561.0,"standard_error":54556355.943002366},"median_abs_dev":{"confidence_interval":{"confidence_level":0.95,"lower_bound":21403606.411010027,"upper_bound":228276419.80738342},"point_estimate":113299477.52373219,"standard_error":58088294.02433323},"slope":null,"std_dev":{"confidence_interval":{"confidence_level":0.95,"lower_bound":60894710.43251662,"upper_bound":200938627.54116222},"point_estimate":150353355.37353817,"standard_error":37986849.148660585}}