{"mean":{"confidence_interval":{"confidence_level":0.95,"lower_bound":0.08747172018950804,"upper_bound":0.2068296604290941},"point_estimate":0.14745036771427045,"standard_error":0.03050167430083578},"median":{"confidence_interval":{"confidence_level":0.95,"lower_bound":0.07367698753385832,"upper_bound":0.2363002194011663},"point_estimate":0.16100168024321437,"standard_error":0.0453633793736067}}