{"mean":{"confidence_interval":{"confidence_level":0.95,"lower_bound":0.2611243015807232,"upper_bound":0.7221658967960419},"point_estimate":0.47847761418836865,"standard_error":0.11789442085478447},"median":{"confidence_interval":{"confidence_level":0.95,"lower_bound":0.09374404739043918,"upper_bound":0.5884909232176081},"point_estimate":0.3905592080712601,"standard_error":0.11969658146779723}}