{"mean":{"confidence_interval":{"confidence_level":0.95,"lower_bound":-0.10353947024395889,"upper_bound":0.17144426281153005},"point_estimate":0.03139766453220694,"standard_error":0.07056368772813738},"median":{"confidence_interval":{"confidence_level":0.95,"lower_bound":-0.004255810982400687,"upper_bound":0.17756083430583147},"point_estimate":0.07825655009331145,"standard_error":0.04261717013819135}}