{"mean":{"confidence_interval":{"confidence_level":0.95,"lower_bound":5553770079.93,"upper_bound":6809338286.608749},"point_estimate":6110137283.6,"standard_error":323378085.209294},"median":{"confidence_interval":{"confidence_level":0.95,"lower_bound":5254215372.0,"upper_bound":6185076120.0},"point_estimate":5426462901.0,"standard_error":248307455.06594703},"median_abs_dev":{"confidence_interval":{"confidence_level":0.95,"lower_bound":168098974.51384664,"upper_bound":1317464038.2226377},"point_estimate":475768956.49671257,"standard_error":298925786.04626954},"slope":null,"std_dev":{"confidence_interval":{"confidence_level":0.95,"lower_bound":510073604.60947686,"upper_bound":2065242369.4955952},"point_estimate":1478058312.529328,"standard_error":394438039.12560135}}