{"mean":{"confidence_interval":{"confidence_level":0.95,"lower_bound":143120869.755625,"upper_bound":168479136.45749998},"point_estimate":153405136.325,"standard_error":6642076.229632899},"median":{"confidence_interval":{"confidence_level":0.95,"lower_bound":139995223.25,"upper_bound":148458549.0},"point_estimate":141013630.75,"standard_error":2312097.004784885},"median_abs_dev":{"confidence_interval":{"confidence_level":0.95,"lower_bound":1169543.05883646,"upper_bound":12855943.872061372},"point_estimate":3237809.311017394,"standard_error":3097660.265180931},"slope":null,"std_dev":{"confidence_interval":{"confidence_level":0.95,"lower_bound":6975816.399166793,"upper_bound":47268407.20863658},"point_estimate":30533035.41194437,"standard_error":12122198.371310823}}