{"mean":{"confidence_interval":{"confidence_level":0.95,"lower_bound":-0.3547788231967905,"upper_bound":0.01273919714522501},"point_estimate":-0.1724745516745586,"standard_error":0.09934850837193085},"median":{"confidence_interval":{"confidence_level":0.95,"lower_bound":-0.20949555487953042,"upper_bound":0.034123372826796894},"point_estimate":-0.056917768807138724,"standard_error":0.061840033673306656}}