{"mean":{"confidence_interval":{"confidence_level":0.95,"lower_bound":0.1475364519598592,"upper_bound":0.39046463849381313},"point_estimate":0.26848047481886494,"standard_error":0.06393716269908722},"median":{"confidence_interval":{"confidence_level":0.95,"lower_bound":0.09955521517858568,"upper_bound":0.46760998968303635},"point_estimate":0.18921543752822712,"standard_error":0.08828425588836797}}