{"mean":{"confidence_interval":{"confidence_level":0.95,"lower_bound":7548127066.01875,"upper_bound":10353788297.523748},"point_estimate":8850511926.1,"standard_error":719997529.0027725},"median":{"confidence_interval":{"confidence_level":0.95,"lower_bound":6818014380.5,"upper_bound":9465691597.5},"point_estimate":7593807381.5,"standard_error":626607385.8333489},"median_abs_dev":{"confidence_interval":{"confidence_level":0.95,"lower_bound":652493607.2188228,"upper_bound":4135968464.7691817},"point_estimate":1884250640.324664,"standard_error":837044383.2321923},"slope":null,"std_dev":{"confidence_interval":{"confidence_level":0.95,"lower_bound":1830022430.4040706,"upper_bound":4260687088.627121},"point_estimate":3302888735.526634,"standard_error":625643194.7693566}}