{"mean":{"confidence_interval":{"confidence_level":0.95,"lower_bound":0.09382988212062171,"upper_bound":0.15819862930392198},"point_estimate":0.12690476260984096,"standard_error":0.01646558224210025},"median":{"confidence_interval":{"confidence_level":0.95,"lower_bound":0.08517143999885524,"upper_bound":0.1724552866596878},"point_estimate":0.14769232908769236,"standard_error":0.022723878023316164}}