{"mean":{"confidence_interval":{"confidence_level":0.95,"lower_bound":0.0935676230471124,"upper_bound":0.4332646764882782},"point_estimate":0.23846727224832764,"standard_error":0.09069485872853622},"median":{"confidence_interval":{"confidence_level":0.95,"lower_bound":0.08043080008123726,"upper_bound":0.4119899430314371},"point_estimate":0.12168135710991468,"standard_error":0.07382307372513454}}