{"mean":{"confidence_interval":{"confidence_level":0.95,"lower_bound":5534117391.845,"upper_bound":5903773300.88125},"point_estimate":5701815764.65,"standard_error":94976757.80077928},"median":{"confidence_interval":{"confidence_level":0.95,"lower_bound":5400693726.0,"upper_bound":5820382363.5},"point_estimate":5583889580.0,"standard_error":99307645.48137999},"median_abs_dev":{"confidence_interval":{"confidence_level":0.95,"lower_bound":118643405.3468585,"upper_bound":550266543.605116},"point_estimate":338476331.5720439,"standard_error":102636033.77759764},"slope":null,"std_dev":{"confidence_interval":{"confidence_level":0.95,"lower_bound":217380258.58944166,"upper_bound":605250487.110169},"point_estimate":435166648.8242387,"standard_error":105626653.3567834}}