{"mean":{"confidence_interval":{"confidence_level":0.95,"lower_bound":10284509229.715,"upper_bound":13398899904.845},"point_estimate":11614539101.7,"standard_error":815862890.5285219},"median":{"confidence_interval":{"confidence_level":0.95,"lower_bound":10135433200.5,"upper_bound":13198070325.0},"point_estimate":10506787345.0,"standard_error":643786403.0292584},"median_abs_dev":{"confidence_interval":{"confidence_level":0.95,"lower_bound":77819614.02832568,"upper_bound":3845343845.7277},"point_estimate":486356368.21864843,"standard_error":672824198.5532967},"slope":null,"std_dev":{"confidence_interval":{"confidence_level":0.95,"lower_bound":233190270.44755048,"upper_bound":3559990449.0195603},"point_estimate":2718042702.7315297,"standard_error":909132287.4028338}}