{"mean":{"confidence_interval":{"confidence_level":0.95,"lower_bound":1341895981.0,"upper_bound":1582173569.8774998},"point_estimate":1455507010.5,"standard_error":61750691.27012331},"median":{"confidence_interval":{"confidence_level":0.95,"lower_bound":1291799365.0,"upper_bound":1636547147.0},"point_estimate":1402903694.5,"standard_error":91395229.89171812},"median_abs_dev":{"confidence_interval":{"confidence_level":0.95,"lower_bound":16034603.374528885,"upper_bound":348765414.52727616},"point_estimate":167415853.97387445,"standard_error":83703931.40414844},"slope":null,"std_dev":{"confidence_interval":{"confidence_level":0.95,"lower_bound":88623365.12620293,"upper_bound":246894370.72384086},"point_estimate":205389895.15062913,"standard_error":36827780.6187676}}