{"mean":{"confidence_interval":{"confidence_level":0.95,"lower_bound":5530208340.2175,"upper_bound":6688884988.2875},"point_estimate":5975575107.85,"standard_error":314008994.66399574},"median":{"confidence_interval":{"confidence_level":0.95,"lower_bound":5486819297.5,"upper_bound":5714307822.5},"point_estimate":5543902383.0,"standard_error":52295842.64710378},"median_abs_dev":{"confidence_interval":{"confidence_level":0.95,"lower_bound":46298520.04173696,"upper_bound":401330532.54025877},"point_estimate":252643100.11738837,"standard_error":86606778.89201842},"slope":null,"std_dev":{"confidence_interval":{"confidence_level":0.95,"lower_bound":172857327.0238961,"upper_bound":2287475957.3353267},"point_estimate":1440407219.0778127,"standard_error":659435086.063831}}