{"mean":{"confidence_interval":{"confidence_level":0.95,"lower_bound":-0.4782468519948393,"upper_bound":-0.35243946067664145},"point_estimate":-0.41948759985269224,"standard_error":0.032175445806615535},"median":{"confidence_interval":{"confidence_level":0.95,"lower_bound":-0.39992571373187,"upper_bound":-0.24451315277422803},"point_estimate":-0.31906323445406504,"standard_error":0.03996665087072932}}