{"mean":{"confidence_interval":{"confidence_level":0.95,"lower_bound":45.29549208195557,"upper_bound":64.78546007217959},"point_estimate":54.515668797024276,"standard_error":5.067168096804795},"median":{"confidence_interval":{"confidence_level":0.95,"lower_bound":42.051482944725436,"upper_bound":52.266422029427794},"point_estimate":46.24007622258303,"standard_error":2.5549820612835075}}