{"mean":{"confidence_interval":{"confidence_level":0.95,"lower_bound":-0.03997920238881655,"upper_bound":0.10058171281161223},"point_estimate":0.028820127625629022,"standard_error":0.03687034512184153},"median":{"confidence_interval":{"confidence_level":0.95,"lower_bound":-0.01316106094800662,"upper_bound":0.042370475097046834},"point_estimate":0.00538455207232813,"standard_error":0.013989115678814498}}