{"mean":{"confidence_interval":{"confidence_level":0.95,"lower_bound":0.02385124418357644,"upper_bound":0.23981554604271801},"point_estimate":0.13070445756703974,"standard_error":0.055372744105930856},"median":{"confidence_interval":{"confidence_level":0.95,"lower_bound":0.08645393712803773,"upper_bound":0.2389732336965107},"point_estimate":0.16847781458393318,"standard_error":0.038126512156282835}}