{"mean":{"confidence_interval":{"confidence_level":0.95,"lower_bound":1377328394.9,"upper_bound":1478190362.2075},"point_estimate":1425585972.4,"standard_error":25831980.87297616},"median":{"confidence_interval":{"confidence_level":0.95,"lower_bound":1353667087.0,"upper_bound":1488568381.5},"point_estimate":1409470023.5,"standard_error":44839354.706651896},"median_abs_dev":{"confidence_interval":{"confidence_level":0.95,"lower_bound":9281381.250822544,"upper_bound":156104588.01898956},"point_estimate":86984978.86600792,"standard_error":41090194.79222793},"slope":null,"std_dev":{"confidence_interval":{"confidence_level":0.95,"lower_bound":50118378.28212257,"upper_bound":107548347.17564647},"point_estimate":85679001.68576264,"standard_error":15442542.447163662}}