{"mean":{"confidence_interval":{"confidence_level":0.95,"lower_bound":1403090210.8075,"upper_bound":1760388739.6174998},"point_estimate":1557006377.5,"standard_error":92707117.93100904},"median":{"confidence_interval":{"confidence_level":0.95,"lower_bound":1355785624.5,"upper_bound":1654630000.0},"point_estimate":1478133650.5,"standard_error":106394263.60835354},"median_abs_dev":{"confidence_interval":{"confidence_level":0.95,"lower_bound":4576548.902750015,"upper_bound":395876930.12537956},"point_estimate":182706195.86811662,"standard_error":103206818.44779903},"slope":null,"std_dev":{"confidence_interval":{"confidence_level":0.95,"lower_bound":116408961.06547867,"upper_bound":448964769.422191},"point_estimate":308953290.8022591,"standard_error":104750378.71628438}}