{"mean":{"confidence_interval":{"confidence_level":0.95,"lower_bound":-0.34841628742226216,"upper_bound":0.04896544672052975},"point_estimate":-0.1521519986706762,"standard_error":0.1050004108603839},"median":{"confidence_interval":{"confidence_level":0.95,"lower_bound":-0.008030270287949781,"upper_bound":0.09239543683433782},"point_estimate":0.01467192834604969,"standard_error":0.02449387980006615}}