{"mean":{"confidence_interval":{"confidence_level":0.95,"lower_bound":-0.10441968206804578,"upper_bound":0.12021414951624988},"point_estimate":-0.0005721677309444839,"standard_error":0.057904211349972354},"median":{"confidence_interval":{"confidence_level":0.95,"lower_bound":0.02444812451173295,"upper_bound":0.19268381574870563},"point_estimate":0.1232060907023409,"standard_error":0.05359757953165497}}