{"mean":{"confidence_interval":{"confidence_level":0.95,"lower_bound":1469712202.335,"upper_bound":2079252073.6},"point_estimate":1746402350.5,"standard_error":157137979.85221812},"median":{"confidence_interval":{"confidence_level":0.95,"lower_bound":1400573696.0,"upper_bound":2003545581.5},"point_estimate":1544830318.0,"standard_error":150688166.13902384},"median_abs_dev":{"confidence_interval":{"confidence_level":0.95,"lower_bound":5063172.313910723,"upper_bound":735043925.7060617},"point_estimate":246993235.5657935,"standard_error":216099779.9423076},"slope":null,"std_dev":{"confidence_interval":{"confidence_level":0.95,"lower_bound":143113758.8407865,"upper_bound":684116556.7486938},"point_estimate":524231523.6752142,"standard_error":135800978.3271495}}