{"mean":{"confidence_interval":{"confidence_level":0.95,"lower_bound":-0.1523139668485212,"upper_bound":0.09938733142636569},"point_estimate":-0.030731344090623836,"standard_error":0.06444377712194632},"median":{"confidence_interval":{"confidence_level":0.95,"lower_bound":-0.15029712934636041,"upper_bound":0.23279709572790663},"point_estimate":-0.004587743786893195,"standard_error":0.09562359171434662}}