{"mean":{"confidence_interval":{"confidence_level":0.95,"lower_bound":855875306.5,"upper_bound":1138922788.1899996},"point_estimate":974044645.1,"standard_error":74260862.31754263},"median":{"confidence_interval":{"confidence_level":0.95,"lower_bound":814181998.0,"upper_bound":1023276023.0},"point_estimate":926641445.0,"standard_error":58635913.92650313},"median_abs_dev":{"confidence_interval":{"confidence_level":0.95,"lower_bound":28218827.90041566,"upper_bound":251235697.61437476},"point_estimate":144679407.97772706,"standard_error":57288108.9112866},"slope":null,"std_dev":{"confidence_interval":{"confidence_level":0.95,"lower_bound":73574494.30393222,"upper_bound":365062666.7304344},"point_estimate":246824617.3699908,"standard_error":92367959.13537605}}