{"mean":{"confidence_interval":{"confidence_level":0.95,"lower_bound":6035865407.86875,"upper_bound":7183871519.399999},"point_estimate":6576553805.0,"standard_error":294160460.18426263},"median":{"confidence_interval":{"confidence_level":0.95,"lower_bound":5701768763.5,"upper_bound":7118301324.5},"point_estimate":5867204120.0,"standard_error":346494523.8269441},"median_abs_dev":{"confidence_interval":{"confidence_level":0.95,"lower_bound":170396801.35685205,"upper_bound":2002333716.8041716},"point_estimate":426779980.81524074,"standard_error":445111913.4671988},"slope":null,"std_dev":{"confidence_interval":{"confidence_level":0.95,"lower_bound":843541279.1128438,"upper_bound":1615739271.0259664},"point_estimate":1349366348.7658114,"standard_error":198439990.90875915}}