{"mean":{"confidence_interval":{"confidence_level":0.95,"lower_bound":-0.1327834730665067,"upper_bound":0.11757049554624026},"point_estimate":-0.021963107537557702,"standard_error":0.06447345104700156},"median":{"confidence_interval":{"confidence_level":0.95,"lower_bound":-0.12801304097803645,"upper_bound":0.03405664001522091},"point_estimate":-0.016149510373697273,"standard_error":0.05106199880011104}}