{"mean":{"confidence_interval":{"confidence_level":0.95,"lower_bound":0.3516927463296401,"upper_bound":1.4969098552699116},"point_estimate":0.8749442146668462,"standard_error":0.29228788844546993},"median":{"confidence_interval":{"confidence_level":0.95,"lower_bound":0.17390949760441732,"upper_bound":0.9200043013533947},"point_estimate":0.5013475208690468,"standard_error":0.20676849589772237}}