{"mean":{"confidence_interval":{"confidence_level":0.95,"lower_bound":1381951719.5325,"upper_bound":1925526365.8},"point_estimate":1626185659.7,"standard_error":140208962.2798586},"median":{"confidence_interval":{"confidence_level":0.95,"lower_bound":1306015653.0,"upper_bound":2024798666.0},"point_estimate":1399571912.5,"standard_error":181239814.50930852},"median_abs_dev":{"confidence_interval":{"confidence_level":0.95,"lower_bound":23689384.905329347,"upper_bound":812013026.244387},"point_estimate":191509995.34371793,"standard_error":188848588.83303568},"slope":null,"std_dev":{"confidence_interval":{"confidence_level":0.95,"lower_bound":118102729.1405749,"upper_bound":623733338.021025},"point_estimate":466288439.1304305,"standard_error":121819151.97523384}}