{"mean":{"confidence_interval":{"confidence_level":0.95,"lower_bound":0.16585061435555995,"upper_bound":0.4392794099705005},"point_estimate":0.29168291296269233,"standard_error":0.0709267516339948},"median":{"confidence_interval":{"confidence_level":0.95,"lower_bound":0.16377357854462127,"upper_bound":0.28443157608606207},"point_estimate":0.256877942287449,"standard_error":0.034534857361555656}}