{"mean":{"confidence_interval":{"confidence_level":0.95,"lower_bound":40.95266763596468,"upper_bound":58.319587418110196},"point_estimate":48.01188101118782,"standard_error":4.38859239497338},"median":{"confidence_interval":{"confidence_level":0.95,"lower_bound":35.8581559042883,"upper_bound":52.72983972404742},"point_estimate":41.79243134866296,"standard_error":4.144092958030509}}