{"mean":{"confidence_interval":{"confidence_level":0.95,"lower_bound":0.0780024671299766,"upper_bound":0.21509565456654361},"point_estimate":0.1457015499241936,"standard_error":0.03398430712090857},"median":{"confidence_interval":{"confidence_level":0.95,"lower_bound":0.08276445170725122,"upper_bound":0.2470547329358459},"point_estimate":0.19271184822414122,"standard_error":0.04586718418615598}}